{
  "panel_slide":
    { "mass": 1, 
      "tension": 600,
      "friction": 45 
    },
  "button_pressed":
  { "mass": 1, 
    "tension": 600,
    "friction": 25 
  },
  "list_reveal":
  { "mass": 1, 
    "tension": 1200,
    "friction": 95
  },
  "slider_drag":
  { "mass": 1, 
    "tension": 900,
    "friction": 40
  },
  "bezier_input":
  { "mass": 1, 
    "tension": 1000,
    "friction": 50
  },
  "graph_trasition":
  { "mass": 1, 
    "tension": 600,
    "friction": 15
  },
  "bezier_dragger":
  { "mass": 1, 
    "tension": 800,
    "friction": 30
  },
  "select_drop_down":
  {
    "mass": 1, 
    "tension": 1000,
    "friction": 60
  },
  "adb_trigger_animtion":
  {
    "mass": 1, 
    "tension": 600,
    "friction": 45
  },
  "code_block_spring":
  [0.03444678770315679,0.07147254516247425,0.16924456351719053,0.2251217800325176,0.28310518513337685,0.34172027396726445,0.45639401525921963,0.5108302273416594,0.5625826284769792,0.6112910250357358,0.656724915298429,0.7373602223079834,0.7725559797276546,0.8044334302811352,0.8331194815425281,0.8815673471131145,0.9016994050572863,0.9193666870016534,0.934770578606845,0.9481106228983559,0.9693698602113826,0.9776540457372507,0.9846013489601261,0.9903679670410218,0.9989254376943771,1.0019700317185796,1.0043418237480444,1.0061394629147888,1.0074511686882466,1.0089212299422425,1.0092095985361602,1.0092734360551139,1.0091586329988993,1.0089046517759221,1.0081086908623318,1.0076191209603231,1.0070963050680797,1.0065565241374679,1.0054760685612871,1.00495404264089,1.0044530653276607,1.0039776563218983,1.0035309329937068,1.0027304010347682,1.0023778156491479,1.0020567025652591,1.0017661927136041,1.0012717876052601,1.0010647137965343,1],
  "code_block_scroll":
  [0.03370915755798609,0.06931766759719404,0.16164207310741363,0.2136300796837769,0.26714053047252373,0.32087709743761084,0.37384505232561527,0.4252976027165596,0.5216439919572766,0.5659103985723902,0.6073476075186126,0.6458965441514497,0.6815626591501718,0.7445017691913374,0.7719838469881143,0.7969827369113812,0.8196457941026143,0.8401265624801076,0.8585806259733016,0.8900227108250198,0.9033069817667685,0.9151539755290928,0.9256949253438004,0.9350530121209755,0.9506717054227265,0.9571370587635867,0.9628293743690737,0.9678311416281241,0.9722175040723791,0.9760566744232051,0.9823342778554621,0.9848784714997489,0.9870878843929078,0.9890027212672304,0.9906588708573543,0.9920882944892998,0.9943773431087942,0.9952844263913425,0.9960603117844139,0.9967223313571574,0.9972857266383213,0.9981684916726754,0.9985098220345545,0.9987968031390809,0.9990372181097039,0.9992378312934174,0.9994045098927119,0.9996556866965063,0.9997483537622162,1]
}